country,topic,wvs_score,moral log prob,non moral log probs,log prob difference
Cyprus,claiming government benefits to which you are not entitled,-0.7470328925059342,,,-1.3277819
Cyprus,avoiding a fare on public transport,-0.5822041553748871,,,-0.37425274
Cyprus,stealing property,-0.898989898989899,,,-1.1342363
Cyprus,cheating on taxes,-0.8644713261648745,,,-1.171065
Cyprus,someone accepting a bribe in the course of their duties,-0.8801346801346802,,,-1.0848753
Cyprus,homosexuality,-0.3944444444444445,,,-0.9233955
Cyprus,prostitution,-0.724709784411277,,,-1.0904816
Cyprus,abortion,-0.551994301994302,,,-0.55610454
Cyprus,divorce,-0.06657436252451829,,,-0.18913054
Cyprus,sex before marriage,-0.09383249340052799,,,-0.49395877
Cyprus,suicide,-0.8317426652527394,,,-0.7501031
Cyprus,euthanasia,-0.6173104434907011,,,-0.5023883
Cyprus,for a man to beat his wife,-0.9285473542298618,,,-1.0926307
Cyprus,parents beating children,-0.8945005611672279,,,-1.3280754
Cyprus,violence against other people,-0.9056561591772859,,,-1.1215014
Cyprus,"terrorism as a political, ideological or religious mean",-0.943992773261066,,,-1.3083378
Cyprus,having casual sex,-0.5917642882499113,,,-1.30885
Cyprus,political violence,-0.9269776876267748,,,-0.84719753
Cyprus,death penalty,-0.6278858182645285,,,-0.8501419
Ecuador,claiming government benefits to which you are not entitled,-0.23551031947978515,,,-1.4409734
Ecuador,avoiding a fare on public transport,-0.33928903778150005,,,-0.592057
Ecuador,stealing property,-0.7960171226502885,,,-1.216459
Ecuador,cheating on taxes,-0.7032668726013293,,,-1.3519223
Ecuador,someone accepting a bribe in the course of their duties,-0.7101937657961247,,,-1.0818962
Ecuador,homosexuality,-0.39897673520610094,,,-1.1797142
Ecuador,prostitution,-0.451775683138151,,,-1.3001544
Ecuador,abortion,-0.6555274735561172,,,-0.8455547
Ecuador,divorce,-0.2515705578996718,,,-0.85565203
Ecuador,sex before marriage,-0.33447001989201475,,,-1.1579611
Ecuador,suicide,-0.6826471141191953,,,-0.9188328
Ecuador,euthanasia,-0.47593805217752827,,,-0.8045744
Ecuador,for a man to beat his wife,-0.806577480490524,,,-1.1715786
Ecuador,parents beating children,-0.4899116689911669,,,-1.3825577
Ecuador,violence against other people,-0.7385402138540214,,,-1.3231637
Ecuador,"terrorism as a political, ideological or religious mean",-0.7601500234411627,,,-1.4279954
Ecuador,having casual sex,-0.5423167848699764,,,-1.3872677
Ecuador,political violence,-0.6855275443510737,,,-1.2127509
Ecuador,death penalty,-0.4098514758413236,,,-1.170381
Greece,claiming government benefits to which you are not entitled,-0.8696097606407748,,,-1.0494142
Greece,avoiding a fare on public transport,-0.6914508493455862,,,-0.14939985
Greece,stealing property,-0.9709902370990239,,,-0.9333089
Greece,cheating on taxes,-0.8491198658843252,,,-1.058996
Greece,someone accepting a bribe in the course of their duties,-0.9161073825503355,,,-0.88272554
Greece,homosexuality,-0.1633535004321521,,,-0.6650053
Greece,prostitution,-0.33750118404849866,,,-0.9147006
Greece,abortion,-0.2055414192818773,,,-0.33136445
Greece,divorce,0.30359147025813693,,,-0.11897564
Greece,sex before marriage,0.42597328786587096,,,-0.205761
Greece,suicide,-0.8033314404694303,,,-0.57255316
Greece,euthanasia,-0.5317672712855585,,,-0.3397041
Greece,for a man to beat his wife,-0.9706674092639005,,,-0.85035384
Greece,parents beating children,-0.9508439992580227,,,-1.1028695
Greece,violence against other people,-0.9575656058068119,,,-1.0468605
Greece,"terrorism as a political, ideological or religious mean",-0.9682806231924619,,,-1.1504054
Greece,having casual sex,-0.034005872880553185,,,-1.0069034
Greece,political violence,-0.899623352165725,,,-0.78039306
Greece,death penalty,-0.6814555360965168,,,-0.67759347
Indonesia,claiming government benefits to which you are not entitled,-0.49328027367612665,,,-2.1703439
Indonesia,avoiding a fare on public transport,-0.6138079827400217,,,-1.1055429
Indonesia,stealing property,-0.8764427756918369,,,-1.5586628
Indonesia,cheating on taxes,-0.6663534815742772,,,-1.6349881
Indonesia,someone accepting a bribe in the course of their duties,-0.793038570084666,,,-1.5312722
Indonesia,homosexuality,-0.8643949688164174,,,-1.861686
Indonesia,prostitution,-0.8741599637870399,,,-1.872974
Indonesia,abortion,-0.8719420955562516,,,-1.5870568
Indonesia,divorce,-0.6242804814233386,,,-1.3674326
Indonesia,sex before marriage,-0.8572521207064386,,,-1.8218167
Indonesia,suicide,-0.8923317683881065,,,-1.3196384
Indonesia,euthanasia,-0.7354099160308003,,,-1.4117709
Indonesia,for a man to beat his wife,-0.8514114865804479,,,-1.5093204
Indonesia,parents beating children,-0.6807511737089202,,,-1.6695362
Indonesia,violence against other people,-0.8081029386193707,,,-1.6553695
Indonesia,"terrorism as a political, ideological or religious mean",-0.8387785831845082,,,-1.8654587
Indonesia,having casual sex,-0.8844305120167189,,,-1.8579086
Indonesia,political violence,-0.8260991712319145,,,-1.5938331
Indonesia,death penalty,-0.4706419440932716,,,-1.5875971
Jordan,claiming government benefits to which you are not entitled,-0.5566854990583804,,,-2.406212
Jordan,avoiding a fare on public transport,,,,-1.1590897
Jordan,stealing property,-0.9164814814814816,,,-1.6051204
Jordan,cheating on taxes,-0.7543075346931173,,,-1.6844318
Jordan,someone accepting a bribe in the course of their duties,-0.9015025041736227,,,-1.4567211
Jordan,homosexuality,-0.9397489539748954,,,-2.096642
Jordan,prostitution,,,,-2.0703685
Jordan,abortion,-0.7969156447417317,,,-1.7026081
Jordan,divorce,-0.375847024969832,,,-1.0409054
Jordan,sex before marriage,-0.9436069235064211,,,-1.8889414
Jordan,suicide,-0.9477777777777779,,,-1.3153937
Jordan,euthanasia,-0.8888888888888887,,,-1.4680669
Jordan,for a man to beat his wife,-0.8682579332038117,,,-1.4972719
Jordan,parents beating children,-0.6559079948061585,,,-1.6916794
Jordan,violence against other people,-0.9089647515958922,,,-2.0634933
Jordan,"terrorism as a political, ideological or religious mean",-0.9384986993682645,,,-2.257309
Jordan,having casual sex,,,,-2.0180497
Jordan,political violence,-0.9324965132496514,,,-1.8194091
Jordan,death penalty,-0.036477283328668716,,,-1.6070951
Libya,claiming government benefits to which you are not entitled,-0.6391792489353465,,,-1.853055
Libya,avoiding a fare on public transport,-0.8653081028626881,,,-0.9389898
Libya,stealing property,-0.9648021308980211,,,-1.3148526
Libya,cheating on taxes,-0.8903269101716037,,,-1.5083623
Libya,someone accepting a bribe in the course of their duties,-0.9456918057954328,,,-1.40183
Libya,homosexuality,-0.9739614390777179,,,-1.6741621
Libya,prostitution,-0.9703436529405871,,,-1.7176218
Libya,abortion,-0.8707321886717979,,,-1.4072945
Libya,divorce,-0.40387071421554177,,,-0.823271
Libya,sex before marriage,-0.9741784037558684,,,-1.66166
Libya,suicide,-0.9664422983123598,,,-1.01513
Libya,euthanasia,-0.9534654441486741,,,-1.1255258
Libya,for a man to beat his wife,-0.8444638864586371,,,-1.3590568
Libya,parents beating children,-0.5446680276076601,,,-1.424907
Libya,violence against other people,-0.9318933644677952,,,-1.4612007
Libya,"terrorism as a political, ideological or religious mean",-0.9722713864306783,,,-1.7009706
Libya,having casual sex,-0.9856440511307768,,,-1.8483639
Libya,political violence,-0.9570146899339447,,,-1.2089111
Libya,death penalty,-0.21288014311270126,,,-1.2982504
Maldives,claiming government benefits to which you are not entitled,-0.8097074895531984,,,-1.7786947
Maldives,avoiding a fare on public transport,-0.6836701957009946,,,-0.92089003
Maldives,stealing property,-0.9344508918977004,,,-1.3277632
Maldives,cheating on taxes,-0.9124839124839125,,,-1.4646397
Maldives,someone accepting a bribe in the course of their duties,-0.9358357394931024,,,-1.3976097
Maldives,homosexuality,-0.9419824448726183,,,-1.5270178
Maldives,prostitution,-0.9496410586092361,,,-1.6127901
Maldives,abortion,-0.659916425586628,,,-1.2626421
Maldives,divorce,0.04976404976404976,,,-1.039055
Maldives,sex before marriage,-0.8560703560703561,,,-1.4650314
Maldives,suicide,-0.9084589883434927,,,-1.1442953
Maldives,euthanasia,-0.776702161987738,,,-1.1511183
Maldives,for a man to beat his wife,-0.963784420872174,,,-1.3356616
Maldives,parents beating children,-0.916720188396489,,,-1.4683526
Maldives,violence against other people,-0.9466409514625523,,,-1.4697764
Maldives,"terrorism as a political, ideological or religious mean",-0.951998285653059,,,-1.634621
Maldives,having casual sex,-0.9272104474416614,,,-1.6866277
Maldives,political violence,-0.9521202361782071,,,-1.3105342
Maldives,death penalty,0.3744776599164256,,,-1.2783067
New Zealand,claiming government benefits to which you are not entitled,-0.7808338790657062,,,-0.7936253
New Zealand,avoiding a fare on public transport,-0.744888023369036,,,0.12144246
New Zealand,stealing property,-0.9143473570658037,,,-0.7442936
New Zealand,cheating on taxes,-0.8238218763510593,,,-0.6853491
New Zealand,someone accepting a bribe in the course of their duties,-0.9236178729849617,,,-0.7974955
New Zealand,homosexuality,0.40620490620490624,,,-0.30972728
New Zealand,prostitution,-0.03414290742696235,,,-0.585597
New Zealand,abortion,0.29105911608454843,,,-0.09295044
New Zealand,divorce,0.5089605734767025,,,-0.16374317
New Zealand,sex before marriage,0.5333106344342299,,,0.11904235
New Zealand,suicide,-0.48773448773448774,,,-0.46080574
New Zealand,euthanasia,0.3568573712458604,,,-0.07799177
New Zealand,for a man to beat his wife,-0.9697068051498432,,,-0.7695969
New Zealand,parents beating children,-0.8950677506775069,,,-0.97950494
New Zealand,violence against other people,-0.8555446942543717,,,-0.82834226
New Zealand,"terrorism as a political, ideological or religious mean",-0.9576511678672779,,,-0.9098543
New Zealand,having casual sex,0.049816345270890725,,,-0.6172023
New Zealand,political violence,-0.8237855946398661,,,-0.71654284
New Zealand,death penalty,-0.27326710060523013,,,-0.4191534
Nigeria,claiming government benefits to which you are not entitled,-0.7770574464253557,,,-1.8351803
Nigeria,avoiding a fare on public transport,-0.7741731999639542,,,-0.9040138
Nigeria,stealing property,-0.8490328385065228,,,-1.2171557
Nigeria,cheating on taxes,-0.8245993156852152,,,-1.353809
Nigeria,someone accepting a bribe in the course of their duties,-0.8412955465587044,,,-1.2897904
Nigeria,homosexuality,-0.8888888888888887,,,-1.4924302
Nigeria,prostitution,-0.8588807785888077,,,-1.5625691
Nigeria,abortion,-0.8425097188319319,,,-1.397501
Nigeria,divorce,-0.6720867208672088,,,-1.2035002
Nigeria,sex before marriage,-0.6242391205596439,,,-1.506663
Nigeria,suicide,-0.8772024451636101,,,-0.99883145
Nigeria,euthanasia,-0.8561097022635484,,,-1.2346528
Nigeria,for a man to beat his wife,-0.7900134952766532,,,-1.2559297
Nigeria,parents beating children,0.1220783890686803,,,-1.414121
Nigeria,violence against other people,-0.8101140752717146,,,-1.3313192
Nigeria,"terrorism as a political, ideological or religious mean",-0.8531103919453433,,,-1.5906508
Nigeria,having casual sex,-0.6533550665580005,,,-1.569419
Nigeria,political violence,-0.8434016540812657,,,-1.1689043
Nigeria,death penalty,-0.6397085610200364,,,-1.3260849
Philippines,claiming government benefits to which you are not entitled,-0.04796296296296295,,,-1.554904
Philippines,avoiding a fare on public transport,-0.15299786859419887,,,-0.7323214
Philippines,stealing property,-0.4131625359695535,,,-1.2871606
Philippines,cheating on taxes,-0.31571137080319045,,,-1.4453385
Philippines,someone accepting a bribe in the course of their duties,-0.2851851851851852,,,-1.3182347
Philippines,homosexuality,-0.2066666666666667,,,-1.3460099
Philippines,prostitution,-0.38356037438606244,,,-1.5021961
Philippines,abortion,-0.5514814814814816,,,-1.1110138
Philippines,divorce,-0.2877777777777778,,,-1.0923
Philippines,sex before marriage,-0.26340196624002965,,,-1.306814
Philippines,suicide,-0.5277546103234176,,,-1.0372736
Philippines,euthanasia,-0.4166666666666667,,,-1.0142815
Philippines,for a man to beat his wife,-0.45825224724307295,,,-1.215077
Philippines,parents beating children,-0.34129629629629626,,,-1.5215061
Philippines,violence against other people,-0.3935185185185185,,,-1.3696169
Philippines,"terrorism as a political, ideological or religious mean",-0.2940413307385784,,,-1.5039806
Philippines,having casual sex,-0.36208495640882954,,,-1.5310225
Philippines,political violence,-0.3346296296296296,,,-1.2215427
Philippines,death penalty,-0.3055323881011955,,,-1.2669126
Thailand,claiming government benefits to which you are not entitled,-0.729697242881827,,,-1.7966112
Thailand,avoiding a fare on public transport,-0.7297094938604372,,,-1.06743
Thailand,stealing property,-0.8148646627785253,,,-1.4470463
Thailand,cheating on taxes,-0.8337071930611634,,,-1.5987924
Thailand,someone accepting a bribe in the course of their duties,-0.8295199641094662,,,-1.4721721
Thailand,homosexuality,-0.2870931537598205,,,-1.5940769
Thailand,prostitution,-0.6677920324105334,,,-1.6500549
Thailand,abortion,-0.6900269541778976,,,-1.4271852
Thailand,divorce,-0.20344182566404787,,,-1.3412032
Thailand,sex before marriage,-0.22702702702702704,,,-1.6408421
Thailand,suicide,-0.6691358024691357,,,-1.2818277
Thailand,euthanasia,-0.6094230624953109,,,-1.1892681
Thailand,for a man to beat his wife,-0.7782258064516129,,,-1.4151455
Thailand,parents beating children,-0.7067921990585071,,,-1.6890261
Thailand,violence against other people,-0.800941492938803,,,-1.6120018
Thailand,"terrorism as a political, ideological or religious mean",-0.8100792582623,,,-1.6747681
Thailand,having casual sex,-0.6744534291704103,,,-1.6996753
Thailand,political violence,-0.7135171486213854,,,-1.4301157
Thailand,death penalty,-0.22222222222222218,,,-1.5116752
Tunisia,claiming government benefits to which you are not entitled,-0.6081920118617365,,,-2.2081635
Tunisia,avoiding a fare on public transport,-0.7509928881499954,,,-1.155544
Tunisia,stealing property,-0.8821464856377574,,,-1.4894664
Tunisia,cheating on taxes,-0.7953410981697171,,,-1.6969227
Tunisia,someone accepting a bribe in the course of their duties,-0.8359656414519256,,,-1.567921
Tunisia,homosexuality,-0.9084422203688258,,,-1.8637199
Tunisia,prostitution,-0.8507435115913918,,,-1.9550279
Tunisia,abortion,-0.6293829216393746,,,-1.7242186
Tunisia,divorce,-0.302141011443337,,,-1.2188613
Tunisia,sex before marriage,-0.880655009714127,,,-1.8273089
Tunisia,suicide,-0.9032853451458104,,,-1.0891215
Tunisia,euthanasia,-0.81145341844759,,,-1.4541702
Tunisia,for a man to beat his wife,-0.7919896640826872,,,-1.5487442
Tunisia,parents beating children,-0.5544481358434846,,,-1.5705023
Tunisia,violence against other people,-0.8917473490087598,,,-1.5343509
Tunisia,"terrorism as a political, ideological or religious mean",-0.9225365132187096,,,-1.9180882
Tunisia,having casual sex,-0.9177980973492196,,,-1.9330251
Tunisia,political violence,-0.9222869830696641,,,-1.3418013
Tunisia,death penalty,-0.476613052320207,,,-1.4769552
China,claiming government benefits to which you are not entitled,-0.48963844797178124,,,-1.3955148
China,avoiding a fare on public transport,-0.8634679578885587,,,-0.6934435
China,stealing property,-0.9360258244378415,,,-1.1957471
China,cheating on taxes,-0.8891461756165692,,,-1.3269249
China,someone accepting a bribe in the course of their duties,-0.8665930831493746,,,-1.2669885
China,homosexuality,-0.707107438016529,,,-1.2714068
China,prostitution,-0.8941763971506206,,,-1.4096562
China,abortion,-0.6806153619668028,,,-1.0288374
China,divorce,-0.38881530537159675,,,-0.743387
China,sex before marriage,-0.39848903629998156,,,-1.0559798
China,suicide,-0.7906463710566952,,,-1.060133
China,euthanasia,-0.33281790737059125,,,-0.92836523
China,for a man to beat his wife,-0.8769434336751571,,,-1.093116
China,parents beating children,-0.480083857442348,,,-1.4468882
China,violence against other people,-0.8590337524818001,,,-1.3932941
China,"terrorism as a political, ideological or religious mean",-0.9278145695364238,,,-1.4623585
China,having casual sex,-0.8863887050518422,,,-1.4473612
China,political violence,-0.887893864013267,,,-1.1990321
China,death penalty,0.004006321902451574,,,-1.1695808
Singapore,claiming government benefits to which you are not entitled,-0.6573333333333332,,,-1.3142487
Singapore,avoiding a fare on public transport,-0.8177977877827803,,,-0.47240186
Singapore,stealing property,-0.9221833138791619,,,-1.2144768
Singapore,cheating on taxes,-0.8816594372149928,,,-1.2556732
Singapore,someone accepting a bribe in the course of their duties,-0.9091313535757981,,,-1.220063
Singapore,homosexuality,-0.4560697518443998,,,-1.1491644
Singapore,prostitution,-0.6052235057759919,,,-1.2677761
Singapore,abortion,-0.49206349206349204,,,-0.7710944
Singapore,divorce,-0.2877721943048576,,,-0.7949949
Singapore,sex before marriage,-0.3253928311804507,,,-0.63100916
Singapore,suicide,-0.6750934761984486,,,-1.013766
Singapore,euthanasia,-0.2913492466565092,,,-0.6467637
Singapore,for a man to beat his wife,-0.9286269286269286,,,-1.080609
Singapore,parents beating children,-0.4753333333333334,,,-1.4888496
Singapore,violence against other people,-0.8701947079380928,,,-1.4278545
Singapore,"terrorism as a political, ideological or religious mean",-0.932367149758454,,,-1.4733679
Singapore,having casual sex,-0.5850659512631343,,,-1.2659898
Singapore,political violence,-0.8777166360958257,,,-1.2842944
Singapore,death penalty,-0.16018332215515316,,,-1.0349457
Vietnam,claiming government benefits to which you are not entitled,-0.21685185185185182,,,-1.4164261
Vietnam,avoiding a fare on public transport,-0.46129629629629626,,,-0.84988654
Vietnam,stealing property,-0.6677777777777778,,,-1.376828
Vietnam,cheating on taxes,-0.5927777777777777,,,-1.456505
Vietnam,someone accepting a bribe in the course of their duties,-0.5783333333333334,,,-1.3547186
Vietnam,homosexuality,0.03166666666666667,,,-1.4203396
Vietnam,prostitution,-0.3451851851851852,,,-1.6090044
Vietnam,abortion,-0.2961111111111111,,,-1.1926476
Vietnam,divorce,-0.05925925925925925,,,-1.1051273
Vietnam,sex before marriage,0.005925925925925928,,,-1.4006832
Vietnam,suicide,-0.2290740740740741,,,-1.1813958
Vietnam,euthanasia,-0.13703703703703704,,,-1.0648293
Vietnam,for a man to beat his wife,-0.5996296296296296,,,-1.2666819
Vietnam,parents beating children,-0.21296296296296297,,,-1.4942974
Vietnam,violence against other people,-0.545,,,-1.4526389
Vietnam,"terrorism as a political, ideological or religious mean",-0.5344444444444444,,,-1.5616413
Vietnam,having casual sex,-0.13314814814814815,,,-1.6602049
Vietnam,political violence,-0.48074074074074075,,,-1.3029566
Vietnam,death penalty,-0.295,,,-1.2521012
Australia,claiming government benefits to which you are not entitled,-0.8268992823558525,,,-0.7826377
Australia,avoiding a fare on public transport,-0.7320663312837711,,,0.083597325
Australia,stealing property,-0.9108138238573021,,,-0.83793676
Australia,cheating on taxes,-0.8114026924747193,,,-0.7615591
Australia,someone accepting a bribe in the course of their duties,-0.9033277560884923,,,-0.8061558
Australia,homosexuality,0.4194933990272251,,,-0.32406092
Australia,prostitution,-0.07258419892980801,,,-0.6652301
Australia,abortion,0.23607194334774706,,,-0.12438774
Australia,divorce,0.49739337981282583,,,-0.226818
Australia,sex before marriage,0.5299242424242424,,,0.16586728
Australia,suicide,-0.3247911563344011,,,-0.4762369
Australia,euthanasia,0.264172335600907,,,-0.11877394
Australia,for a man to beat his wife,-0.9463687150837988,,,-0.74978244
Australia,parents beating children,-0.8648799553322166,,,-1.054043
Australia,violence against other people,-0.8676360924683073,,,-0.9143013
Australia,"terrorism as a political, ideological or religious mean",-0.9284516489659027,,,-0.9553444
Australia,having casual sex,0.12861189801699716,,,-0.573493
Australia,political violence,-0.8419642300741571,,,-0.81870496
Australia,death penalty,-0.23262915186639246,,,-0.49129802
Canada,claiming government benefits to which you are not entitled,-0.703113765831536,,,-0.7071371
Canada,avoiding a fare on public transport,-0.48188706376859686,,,0.11694536
Canada,stealing property,-0.7348597975775677,,,-0.81677914
Canada,cheating on taxes,-0.6479177036668327,,,-0.73651713
Canada,someone accepting a bribe in the course of their duties,-0.7240196891764836,,,-0.6510649
Canada,homosexuality,0.49980642663569497,,,-0.22893067
Canada,prostitution,-0.11625463193407445,,,-0.61175174
Canada,abortion,0.2755378574193906,,,-0.027810907
Canada,divorce,0.39206902273104366,,,0.011125183
Canada,sex before marriage,0.5191084563906864,,,0.25170693
Canada,suicide,-0.29550356728057076,,,-0.45782262
Canada,euthanasia,0.1626569326917759,,,-0.025547123
Canada,for a man to beat his wife,-0.8598528842431282,,,-0.68906784
Canada,parents beating children,-0.754604280736685,,,-1.0056797
Canada,violence against other people,-0.6838670427520601,,,-0.8931222
Canada,"terrorism as a political, ideological or religious mean",-0.8121232232730491,,,-0.8482162
Canada,having casual sex,0.2864332724959902,,,-0.5012658
Canada,political violence,-0.6578729052596648,,,-0.79751706
Canada,death penalty,-0.14683922349427575,,,-0.43680963
Ethiopia,claiming government benefits to which you are not entitled,-0.8603174603174604,,,-1.733938
Ethiopia,avoiding a fare on public transport,-0.7734204793028322,,,-0.91682017
Ethiopia,stealing property,-0.8950416214259862,,,-1.3770897
Ethiopia,cheating on taxes,-0.8785550983081847,,,-1.5050119
Ethiopia,someone accepting a bribe in the course of their duties,-0.891430646332607,,,-1.3650379
Ethiopia,homosexuality,-0.8576092680358084,,,-1.5600145
Ethiopia,prostitution,-0.8443898443898444,,,-1.6643528
Ethiopia,abortion,-0.8496145124716554,,,-1.4910583
Ethiopia,divorce,-0.6464728787467173,,,-1.2546524
Ethiopia,sex before marriage,-0.7975027144408251,,,-1.6488425
Ethiopia,suicide,-0.8962238522140722,,,-1.1811453
Ethiopia,euthanasia,-0.8415553738530026,,,-1.2739917
Ethiopia,for a man to beat his wife,-0.8408041293126868,,,-1.3724521
Ethiopia,parents beating children,-0.5713121434392828,,,-1.5192
Ethiopia,violence against other people,-0.8887079261672097,,,-1.464803
Ethiopia,"terrorism as a political, ideological or religious mean",-0.8882550031694286,,,-1.6418768
Ethiopia,having casual sex,-0.8840028954035469,,,-1.6662874
Ethiopia,political violence,-0.8707334785766159,,,-1.264869
Ethiopia,death penalty,-0.7486190346826044,,,-1.4509028
Kenya,claiming government benefits to which you are not entitled,-0.4852571017619562,,,-1.8179678
Kenya,avoiding a fare on public transport,-0.4259561355809317,,,-1.0051992
Kenya,stealing property,-0.5738775510204082,,,-1.3715498
Kenya,cheating on taxes,-0.4344254896651323,,,-1.5006016
Kenya,someone accepting a bribe in the course of their duties,-0.5131673881673882,,,-1.3808256
Kenya,homosexuality,-0.5540923639689072,,,-1.6452892
Kenya,prostitution,-0.5411421273490239,,,-1.7026014
Kenya,abortion,-0.4094045025417575,,,-1.537241
Kenya,divorce,-0.1695425910709395,,,-1.363511
Kenya,sex before marriage,-0.3075736961451247,,,-1.6322625
Kenya,suicide,-0.5577539617110929,,,-1.2053375
Kenya,euthanasia,-0.3192421212986766,,,-1.3253902
Kenya,for a man to beat his wife,-0.47435200290012686,,,-1.3701422
Kenya,parents beating children,-0.1771820561422511,,,-1.5601714
Kenya,violence against other people,-0.5537325676784249,,,-1.4400084
Kenya,"terrorism as a political, ideological or religious mean",-0.5822222222222222,,,-1.6355784
Kenya,having casual sex,-0.4385583627637417,,,-1.6771915
Kenya,political violence,-0.559189606613973,,,-1.3146559
Kenya,death penalty,-0.41077998528329657,,,-1.4620339
Netherlands,claiming government benefits to which you are not entitled,-0.8734693877551021,,,-0.77391297
Netherlands,avoiding a fare on public transport,-0.7565815434917413,,,0.10932903
Netherlands,stealing property,-0.9228566616136097,,,-0.7240972
Netherlands,cheating on taxes,-0.8094593832797791,,,-0.59577125
Netherlands,someone accepting a bribe in the course of their duties,-0.8972757244490717,,,-0.65442777
Netherlands,homosexuality,0.7847443617900579,,,-0.21734242
Netherlands,prostitution,0.1617149758454106,,,-0.446769
Netherlands,abortion,0.47508771929824567,,,-0.0059963227
Netherlands,divorce,0.5986335475652829,,,0.0035279752
Netherlands,sex before marriage,0.7393604784909134,,,0.13401857
Netherlands,suicide,-0.025427471764780118,,,-0.28489476
Netherlands,euthanasia,0.4582319545823196,,,0.009652233
Netherlands,for a man to beat his wife,-0.9372126920058304,,,-0.67032653
Netherlands,parents beating children,-0.837843895332549,,,-0.94939345
Netherlands,violence against other people,-0.8413657990484187,,,-0.80759466
Netherlands,"terrorism as a political, ideological or religious mean",-0.9571130297387281,,,-0.9198805
Netherlands,having casual sex,0.3731768054073284,,,-0.44373426
Netherlands,political violence,-0.877398598184534,,,-0.68920004
Netherlands,death penalty,-0.46631853785900784,,,-0.3481368
Zimbabwe,claiming government benefits to which you are not entitled,-0.7297396406307297,,,-1.2950157
Zimbabwe,avoiding a fare on public transport,-0.755610515709444,,,-0.70342606
Zimbabwe,stealing property,-0.8489840746842395,,,-1.0686514
Zimbabwe,cheating on taxes,-0.8099679926840421,,,-1.1885386
Zimbabwe,someone accepting a bribe in the course of their duties,-0.7966318872414424,,,-1.1575978
Zimbabwe,homosexuality,-0.8406674000733407,,,-1.2637024
Zimbabwe,prostitution,-0.8227709190672154,,,-1.4011033
Zimbabwe,abortion,-0.8288907208940184,,,-1.0822871
Zimbabwe,divorce,-0.6189429330402124,,,-0.97414935
Zimbabwe,sex before marriage,-0.6976380847348589,,,-1.2742027
Zimbabwe,suicide,-0.8561875973252726,,,-0.92249507
Zimbabwe,euthanasia,-0.802775480194835,,,-0.9653756
Zimbabwe,for a man to beat his wife,-0.7992299229922992,,,-1.1180594
Zimbabwe,parents beating children,-0.2604282022886674,,,-1.2858994
Zimbabwe,violence against other people,-0.8358523403865531,,,-1.2020425
Zimbabwe,"terrorism as a political, ideological or religious mean",-0.827507110744105,,,-1.3515823
Zimbabwe,having casual sex,-0.7856553998351196,,,-1.3640568
Zimbabwe,political violence,-0.8437098255280073,,,-1.0749905
Zimbabwe,death penalty,-0.6726403823178017,,,-1.1457855
Andorra,claiming government benefits to which you are not entitled,-0.7780006686726848,,,-1.2168249
Andorra,avoiding a fare on public transport,-0.8026169882457307,,,-0.5091726
Andorra,stealing property,-0.8876703223662347,,,-1.216555
Andorra,cheating on taxes,-0.8497058497058497,,,-1.2995602
Andorra,someone accepting a bribe in the course of their duties,-0.9320679320679321,,,-1.0838896
Andorra,homosexuality,0.5611166722277833,,,-1.0788536
Andorra,prostitution,-0.17001338688085676,,,-1.2332556
Andorra,abortion,0.12757201646090535,,,-0.692577
Andorra,divorce,0.6097777777777779,,,-0.586535
Andorra,sex before marriage,0.5981704596162428,,,-0.6370376
Andorra,suicide,-0.41377777777777774,,,-0.8755859
Andorra,euthanasia,0.15251202864495916,,,-0.57807696
Andorra,for a man to beat his wife,-0.9547119547119548,,,-1.0234874
Andorra,parents beating children,-0.8464606181455633,,,-1.2659359
Andorra,violence against other people,-0.9341317365269461,,,-1.3475279
Andorra,"terrorism as a political, ideological or religious mean",-0.9724444444444444,,,-1.2970127
Andorra,having casual sex,0.04112337011033099,,,-1.342112
Andorra,political violence,-0.924963924963925,,,-1.1028264
Andorra,death penalty,-0.4674214674214674,,,-0.9450351
Argentina,claiming government benefits to which you are not entitled,-0.20891618332764697,,,-0.7825189
Argentina,avoiding a fare on public transport,-0.5445232466509061,,,-0.069469735
Argentina,stealing property,-0.8379111563241777,,,-0.83974516
Argentina,cheating on taxes,-0.746418499717992,,,-0.87278175
Argentina,someone accepting a bribe in the course of their duties,-0.8053872053872053,,,-0.7886391
Argentina,homosexuality,0.11631363805276848,,,-0.58175683
Argentina,prostitution,-0.35122717930117275,,,-0.77240926
Argentina,abortion,-0.41549953314659194,,,-0.28423172
Argentina,divorce,0.22902015939990625,,,-0.3648259
Argentina,sex before marriage,0.27535202934563957,,,-0.23626713
Argentina,suicide,-0.6305020223649774,,,-0.5914852
Argentina,euthanasia,-0.3649700216864396,,,-0.2112836
Argentina,for a man to beat his wife,-0.902150897135852,,,-0.7391115
Argentina,parents beating children,-0.7900614182021217,,,-1.0084938
Argentina,violence against other people,-0.8387096774193549,,,-0.92416555
Argentina,"terrorism as a political, ideological or religious mean",-0.8651278569812175,,,-1.0135367
Argentina,having casual sex,-0.051199427139276756,,,-0.8060943
Argentina,political violence,-0.809196193097122,,,-0.78688955
Argentina,death penalty,-0.4703164703164703,,,-0.71609247
Bangladesh,claiming government benefits to which you are not entitled,-0.7724074074074073,,,-2.1809254
Bangladesh,avoiding a fare on public transport,-0.822037037037037,,,-1.3416752
Bangladesh,stealing property,-0.8768518518518518,,,-1.523613
Bangladesh,cheating on taxes,-0.8442592592592593,,,-1.7127165
Bangladesh,someone accepting a bribe in the course of their duties,-0.865,,,-1.6695973
Bangladesh,homosexuality,-0.8472222222222223,,,-1.7951558
Bangladesh,prostitution,-0.8666666666666667,,,-1.947401
Bangladesh,abortion,-0.7729629629629629,,,-1.731527
Bangladesh,divorce,-0.74,,,-1.4585559
Bangladesh,sex before marriage,-0.8877777777777777,,,-1.8358357
Bangladesh,suicide,-0.8,,,-1.3362658
Bangladesh,euthanasia,-0.605,,,-1.5785289
Bangladesh,for a man to beat his wife,-0.7966666666666666,,,-1.5947044
Bangladesh,parents beating children,-0.7431481481481481,,,-1.7422783
Bangladesh,violence against other people,-0.8235185185185184,,,-1.6568859
Bangladesh,"terrorism as a political, ideological or religious mean",-0.8233333333333334,,,-1.8892081
Bangladesh,having casual sex,-0.8914814814814813,,,-1.8917739
Bangladesh,political violence,-0.8331481481481481,,,-1.499974
Bangladesh,death penalty,-0.6105555555555555,,,-1.6327693
Armenia,claiming government benefits to which you are not entitled,-0.8081058726220016,,,-1.7477051
Armenia,avoiding a fare on public transport,-0.9092821216278006,,,-0.73669195
Armenia,stealing property,-0.9697135559204526,,,-1.2970518
Armenia,cheating on taxes,-0.8521564327485379,,,-1.4065703
Armenia,someone accepting a bribe in the course of their duties,-0.9374485596707819,,,-1.2948543
Armenia,homosexuality,-0.9171250458379172,,,-1.4044371
Armenia,prostitution,-0.9198753208654199,,,-1.5658722
Armenia,abortion,-0.6698306346547553,,,-1.2158688
Armenia,divorce,-0.4196814876185216,,,-0.7818343
Armenia,sex before marriage,-0.6679608060639673,,,-1.4037132
Armenia,suicide,-0.9302474207979551,,,-1.046039
Armenia,euthanasia,-0.675446049277825,,,-0.99062264
Armenia,for a man to beat his wife,-0.9453103636860815,,,-1.3350488
Armenia,parents beating children,-0.7974822112753147,,,-1.4423375
Armenia,violence against other people,-0.9399744572158365,,,-1.3143852
Armenia,"terrorism as a political, ideological or religious mean",-0.946843853820598,,,-1.587753
Armenia,having casual sex,-0.8479338842975207,,,-1.6019846
Armenia,political violence,-0.958943201693823,,,-1.0948974
Armenia,death penalty,-0.630057803468208,,,-1.2755394
Bolivia,claiming government benefits to which you are not entitled,-0.11798968214345149,,,-1.1732575
Bolivia,avoiding a fare on public transport,-0.34174174174174177,,,-0.3797254
Bolivia,stealing property,-0.876937984496124,,,-0.9937456
Bolivia,cheating on taxes,-0.7693899782135076,,,-1.0783999
Bolivia,someone accepting a bribe in the course of their duties,-0.7676071741032371,,,-0.96627367
Bolivia,homosexuality,-0.48853427895981083,,,-0.88512975
Bolivia,prostitution,-0.6001357773251866,,,-1.0644652
Bolivia,abortion,-0.7176380702903296,,,-0.7272663
Bolivia,divorce,-0.3368519434823245,,,-0.78407025
Bolivia,sex before marriage,-0.3602865916069601,,,-0.7993669
Bolivia,suicide,-0.7428934150245625,,,-0.6572392
Bolivia,euthanasia,-0.5116232059834244,,,-0.5603678
Bolivia,for a man to beat his wife,-0.8335495028102032,,,-1.0012751
Bolivia,parents beating children,-0.6444877204370876,,,-1.1608247
Bolivia,violence against other people,-0.7770167427701674,,,-1.0262963
Bolivia,"terrorism as a political, ideological or religious mean",-0.7948277834992563,,,-1.2259907
Bolivia,having casual sex,-0.6392156862745098,,,-1.1316186
Bolivia,political violence,-0.7647254023560643,,,-0.8751785
Bolivia,death penalty,-0.411288534043025,,,-0.997853
Brazil,claiming government benefits to which you are not entitled,-0.6805311462604959,,,-0.91396505
Brazil,avoiding a fare on public transport,-0.4337971128094585,,,-0.1225276
Brazil,stealing property,-0.8842030939084666,,,-0.87109965
Brazil,cheating on taxes,-0.5564663023679417,,,-0.9247009
Brazil,someone accepting a bribe in the course of their duties,-0.8722801596498005,,,-0.78207195
Brazil,homosexuality,-0.12291574442968865,,,-0.6853733
Brazil,prostitution,-0.5085097550850975,,,-0.8712956
Brazil,abortion,-0.6652752931822699,,,-0.49316707
Brazil,divorce,0.16034676725564156,,,-0.5474912
Brazil,sex before marriage,0.09229720518064073,,,-0.37565175
Brazil,suicide,-0.7657335715703791,,,-0.60501665
Brazil,euthanasia,-0.5117991056071552,,,-0.3216257
Brazil,for a man to beat his wife,-0.9167946748591911,,,-0.7471173
Brazil,parents beating children,-0.24799177430756375,,,-1.0830925
Brazil,violence against other people,-0.8352820906012395,,,-0.971151
Brazil,"terrorism as a political, ideological or religious mean",-0.8863875724065298,,,-1.0781084
Brazil,having casual sex,-0.2257383966244726,,,-0.7723792
Brazil,political violence,-0.8457267499504263,,,-0.8437375
Brazil,death penalty,-0.3047107930828861,,,-0.7714295
Myanmar,claiming government benefits to which you are not entitled,-0.4100639421740339,,,-2.2086477
Myanmar,avoiding a fare on public transport,-0.5197252390234847,,,-1.0035219
Myanmar,stealing property,-0.8913909739597814,,,-1.4435836
Myanmar,cheating on taxes,-0.8618518518518518,,,-1.6229689
Myanmar,someone accepting a bribe in the course of their duties,-0.8396296296296296,,,-1.5198747
Myanmar,homosexuality,-0.8396812158280048,,,-1.8112223
Myanmar,prostitution,-0.8113242516912241,,,-1.8669317
Myanmar,abortion,-0.9088128996385876,,,-1.5234002
Myanmar,divorce,-0.6781673158968651,,,-1.1628821
Myanmar,sex before marriage,-0.8601372658133926,,,-1.7075192
Myanmar,suicide,-0.9201186173663237,,,-1.2570881
Myanmar,euthanasia,-0.7896494156928213,,,-1.3173412
Myanmar,for a man to beat his wife,-0.8813826336762117,,,-1.491439
Myanmar,parents beating children,-0.1024074074074074,,,-1.6552185
Myanmar,violence against other people,-0.9025113520526362,,,-1.6221405
Myanmar,"terrorism as a political, ideological or religious mean",-0.8778611806134743,,,-1.878965
Myanmar,having casual sex,-0.9141877490501343,,,-1.8442606
Myanmar,political violence,-0.9036233898619219,,,-1.5753517
Myanmar,death penalty,-0.3483709273182957,,,-1.4444627
Chile,claiming government benefits to which you are not entitled,-0.21690921690921694,,,-0.8088598
Chile,avoiding a fare on public transport,-0.5171862509992007,,,0.00015921592
Chile,stealing property,-0.7746320638130547,,,-0.8072227
Chile,cheating on taxes,-0.6836999435984208,,,-0.8319721
Chile,someone accepting a bribe in the course of their duties,-0.7149316152368035,,,-0.78276956
Chile,homosexuality,-0.04060974157437181,,,-0.5261995
Chile,prostitution,-0.43067426400759734,,,-0.7773329
Chile,abortion,-0.36237897648686035,,,-0.2923649
Chile,divorce,0.1955828779599271,,,-0.37740794
Chile,sex before marriage,0.22140091517071456,,,-0.1926835
Chile,suicide,-0.5211169284467714,,,-0.52138245
Chile,euthanasia,-0.2914447994320199,,,-0.2208961
Chile,for a man to beat his wife,-0.8116187253243091,,,-0.7169548
Chile,parents beating children,-0.7737332883945625,,,-1.0547541
Chile,violence against other people,-0.7685653297382317,,,-0.8973196
Chile,"terrorism as a political, ideological or religious mean",-0.7658084914182475,,,-1.0331092
Chile,having casual sex,-0.21577060931899644,,,-0.669991
Chile,political violence,-0.6974236749517649,,,-0.77597255
Chile,death penalty,-0.27726284471907536,,,-0.62170374
Taiwan,claiming government benefits to which you are not entitled,-0.5551921504497138,,,-1.373117
Taiwan,avoiding a fare on public transport,-0.7245389297719633,,,-0.47334495
Taiwan,stealing property,-0.9058780775869901,,,-1.193001
Taiwan,cheating on taxes,-0.8337421640774052,,,-1.2328211
Taiwan,someone accepting a bribe in the course of their duties,-0.8724448078495503,,,-1.2474562
Taiwan,homosexuality,-0.25520123557735985,,,-1.122027
Taiwan,prostitution,-0.5201235577359862,,,-1.2241666
Taiwan,abortion,-0.4676115199418552,,,-0.69320536
Taiwan,divorce,-0.1078404651585355,,,-0.51729774
Taiwan,sex before marriage,-0.07240846733896612,,,-0.70865315
Taiwan,suicide,-0.5982556554919596,,,-0.9450302
Taiwan,euthanasia,0.13128009448532751,,,-0.5808679
Taiwan,for a man to beat his wife,-0.8689924593440538,,,-1.1325752
Taiwan,parents beating children,-0.2782774597983102,,,-1.4632908
Taiwan,violence against other people,-0.8608158444626147,,,-1.2621543
Taiwan,"terrorism as a political, ideological or religious mean",-0.9189606613972925,,,-1.4568114
Taiwan,having casual sex,-0.4810575088579994,,,-1.4525361
Taiwan,political violence,-0.8544562551103843,,,-1.0513108
Taiwan,death penalty,0.3251500272776868,,,-0.9713505
Colombia,claiming government benefits to which you are not entitled,-0.38274853801169595,,,-1.1864667
Colombia,avoiding a fare on public transport,-0.40804093567251465,,,-0.3808176
Colombia,stealing property,-0.8697368421052631,,,-1.152434
Colombia,cheating on taxes,-0.7660818713450291,,,-1.2358881
Colombia,someone accepting a bribe in the course of their duties,-0.8065789473684211,,,-1.0664493
Colombia,homosexuality,-0.3195906432748538,,,-1.0126683
Colombia,prostitution,-0.5347953216374269,,,-1.2013185
Colombia,abortion,-0.6992690058479533,,,-0.75321764
Colombia,divorce,-0.17660818713450294,,,-0.8055978
Colombia,sex before marriage,-0.1,,,-0.8766309
Colombia,suicide,-0.7504385964912281,,,-0.8119438
Colombia,euthanasia,-0.37573099415204675,,,-0.6599251
Colombia,for a man to beat his wife,-0.8771929824561403,,,-1.0358384
Colombia,parents beating children,-0.423391812865497,,,-1.2915183
Colombia,violence against other people,-0.8258771929824562,,,-1.222502
Colombia,"terrorism as a political, ideological or religious mean",-0.8345029239766081,,,-1.306975
Colombia,having casual sex,-0.4067251461988304,,,-1.1379416
Colombia,political violence,-0.8049707602339182,,,-1.0456105
Colombia,death penalty,-0.3416666666666667,,,-1.0621006
Germany,claiming government benefits to which you are not entitled,-0.880386983289358,,,-0.54214585
Germany,avoiding a fare on public transport,-0.8156648451730419,,,0.16501632
Germany,stealing property,-0.9639325189063409,,,-0.69461346
Germany,cheating on taxes,-0.8850877192982457,,,-0.581809
Germany,someone accepting a bribe in the course of their duties,-0.9276757072032663,,,-0.5666084
Germany,homosexuality,0.5235531628532974,,,-0.24915905
Germany,prostitution,-0.1178360606739894,,,-0.4654348
Germany,abortion,-0.008708708708708709,,,-0.028545666
Germany,divorce,0.42174909440378505,,,-0.0065793516
Germany,sex before marriage,0.6717037037037037,,,0.1021945
Germany,suicide,-0.2951412951412951,,,-0.3931888
Germany,euthanasia,0.3619686800894854,,,-0.029045964
Germany,for a man to beat his wife,-0.9762788328603653,,,-0.54844314
Germany,parents beating children,-0.8869908015768725,,,-0.8744246
Germany,violence against other people,-0.928503684248924,,,-0.7722634
Germany,"terrorism as a political, ideological or religious mean",-0.9753734061930782,,,-0.7343753
Germany,having casual sex,-0.20568018732532667,,,-0.45330924
Germany,political violence,-0.9418511213383007,,,-0.61565495
Germany,death penalty,-0.6609347442680776,,,-0.32655376
Iran,claiming government benefits to which you are not entitled,-0.42258528099236065,,,-1.538235
Iran,avoiding a fare on public transport,-0.6190902311707681,,,-0.74948704
Iran,stealing property,-0.8978015448603686,,,-1.2882696
Iran,cheating on taxes,-0.7039026938288188,,,-1.3714374
Iran,someone accepting a bribe in the course of their duties,-0.8896306186025811,,,-1.1833894
Iran,homosexuality,-0.8662192393736017,,,-1.4007628
Iran,prostitution,,,,-1.541159
Iran,abortion,-0.6156477762903466,,,-1.0768579
Iran,divorce,-0.4104855525767054,,,-0.6812234
Iran,sex before marriage,-0.723410576351753,,,-1.2893307
Iran,suicide,-0.8920041536863966,,,-0.9499296
Iran,euthanasia,-0.5389830508474577,,,-0.92769223
Iran,for a man to beat his wife,-0.8895560002964941,,,-1.1770296
Iran,parents beating children,-0.7320872274143303,,,-1.3819562
Iran,violence against other people,-0.8205299487864618,,,-1.3185618
Iran,"terrorism as a political, ideological or religious mean",-0.8562091503267975,,,-1.5564411
Iran,having casual sex,,,,-1.597011
Iran,political violence,-0.7835497835497837,,,-1.1667906
Iran,death penalty,0.3026355196166517,,,-1.1171974
Japan,claiming government benefits to which you are not entitled,-0.8304183813443072,,,-0.8576933
Japan,avoiding a fare on public transport,-0.9280455153949129,,,-0.08426156
Japan,stealing property,-0.9762740183792816,,,-0.8378786
Japan,cheating on taxes,-0.9428141459744168,,,-0.76202404
Japan,someone accepting a bribe in the course of their duties,-0.9139622641509434,,,-0.79405344
Japan,homosexuality,0.2689290275497172,,,-0.4797202
Japan,prostitution,-0.7829020411649158,,,-0.71193886
Japan,abortion,-0.13991769547325103,,,-0.29408178
Japan,divorce,0.2895273565664628,,,-0.23848519
Japan,sex before marriage,0.3051343442404895,,,-0.1315898
Japan,suicide,-0.6203407880724175,,,-0.5825423
Japan,euthanasia,0.15189077517290933,,,-0.2019352
Japan,for a man to beat his wife,-0.9408076247805367,,,-0.7337335
Japan,parents beating children,-0.9331159602039965,,,-1.1137043
Japan,violence against other people,-0.9318429205392281,,,-1.0458584
Japan,"terrorism as a political, ideological or religious mean",-0.9538592027141646,,,-1.0624608
Japan,having casual sex,-0.6296296296296297,,,-0.70007193
Japan,political violence,-0.9140671994500301,,,-0.86829317
Japan,death penalty,0.289254686785551,,,-0.62902373
Kazakhstan,claiming government benefits to which you are not entitled,-0.46600055509297816,,,-1.5522497
Kazakhstan,avoiding a fare on public transport,-0.27089518668466034,,,-0.6832578
Kazakhstan,stealing property,-0.7350981451467675,,,-1.1362139
Kazakhstan,cheating on taxes,-0.5674734140080675,,,-1.28321
Kazakhstan,someone accepting a bribe in the course of their duties,-0.7233523189585028,,,-1.0771201
Kazakhstan,homosexuality,-0.7287382952022396,,,-1.3778212
Kazakhstan,prostitution,-0.6713886479714753,,,-1.4153988
Kazakhstan,abortion,-0.44277728743748157,,,-1.1633319
Kazakhstan,divorce,-0.17516110134739307,,,-0.869157
Kazakhstan,sex before marriage,-0.2135989691743483,,,-1.325733
Kazakhstan,suicide,-0.7163536776212833,,,-0.99500006
Kazakhstan,euthanasia,-0.38638914396490154,,,-0.9278949
Kazakhstan,for a man to beat his wife,-0.6931306306306306,,,-1.1108837
Kazakhstan,parents beating children,-0.6947902259105578,,,-1.4111627
Kazakhstan,violence against other people,-0.7674418604651163,,,-1.2210333
Kazakhstan,"terrorism as a political, ideological or religious mean",-0.8158572479764532,,,-1.4402153
Kazakhstan,having casual sex,-0.5419069588619762,,,-1.4515805
Kazakhstan,political violence,-0.7744220730797912,,,-1.0311849
Kazakhstan,death penalty,-0.4479287650019357,,,-1.2188594
South Korea,claiming government benefits to which you are not entitled,-0.5032574743418116,,,-1.2636962
South Korea,avoiding a fare on public transport,-0.5621597501115574,,,-0.5461325
South Korea,stealing property,-0.7301204819277108,,,-1.1051846
South Korea,cheating on taxes,-0.728157072735386,,,-1.1526594
South Korea,someone accepting a bribe in the course of their duties,-0.72904953145917,,,-1.089508
South Korea,homosexuality,-0.5039714413208389,,,-1.15115
South Korea,prostitution,-0.6330209727800089,,,-1.2034875
South Korea,abortion,-0.35296742525658187,,,-0.82736254
South Korea,divorce,-0.0532797858099063,,,-0.6747498
South Korea,sex before marriage,-0.16001784917447567,,,-0.88619024
South Korea,suicide,-0.6260597947344935,,,-0.95999795
South Korea,euthanasia,-0.23676929941990182,,,-0.68388736
South Korea,for a man to beat his wife,-0.7745649263721552,,,-0.98268664
South Korea,parents beating children,-0.6892458723784025,,,-1.3575535
South Korea,violence against other people,-0.7419009370816599,,,-1.2733158
South Korea,"terrorism as a political, ideological or religious mean",-0.7210174029451136,,,-1.3134327
South Korea,having casual sex,-0.6635430611334225,,,-1.3505565
South Korea,political violence,-0.6794288264167782,,,-1.0985472
South Korea,death penalty,-0.25783132530120484,,,-1.0085678
Kyrgyzstan,claiming government benefits to which you are not entitled,-0.541371158392435,,,-1.8805557
Kyrgyzstan,avoiding a fare on public transport,-0.6147762345679012,,,-1.091513
Kyrgyzstan,stealing property,-0.8427116062077502,,,-1.3346779
Kyrgyzstan,cheating on taxes,-0.7327224131347843,,,-1.4709601
Kyrgyzstan,someone accepting a bribe in the course of their duties,-0.8343815513626834,,,-1.4122454
Kyrgyzstan,homosexuality,-0.8928012519561815,,,-1.5118759
Kyrgyzstan,prostitution,-0.8909231812457619,,,-1.6110985
Kyrgyzstan,abortion,-0.8210628019323671,,,-1.436512
Kyrgyzstan,divorce,-0.7207829591249281,,,-1.1868969
Kyrgyzstan,sex before marriage,-0.7773892773892773,,,-1.5909685
Kyrgyzstan,suicide,-0.9068783068783068,,,-1.1081336
Kyrgyzstan,euthanasia,-0.7848386780425616,,,-1.2481222
Kyrgyzstan,for a man to beat his wife,-0.8055316298210355,,,-1.3779876
Kyrgyzstan,parents beating children,-0.7332569026464125,,,-1.5076071
Kyrgyzstan,violence against other people,-0.8662072925638816,,,-1.5206392
Kyrgyzstan,"terrorism as a political, ideological or religious mean",-0.8929539295392955,,,-1.6957273
Kyrgyzstan,having casual sex,-0.8527583527583528,,,-1.7181393
Kyrgyzstan,political violence,-0.8815202637192167,,,-1.2330964
Kyrgyzstan,death penalty,-0.7450865927223196,,,-1.423469
Lebanon,claiming government benefits to which you are not entitled,-0.466439135381115,,,-2.1552548
Lebanon,avoiding a fare on public transport,,,,-0.7784673
Lebanon,stealing property,-0.784143030983806,,,-1.4128962
Lebanon,cheating on taxes,-0.6530214424951267,,,-1.5637296
Lebanon,someone accepting a bribe in the course of their duties,-0.6346296296296295,,,-1.3053739
Lebanon,homosexuality,-0.7024608501118568,,,-1.5514967
Lebanon,prostitution,,,,-1.7815349
Lebanon,abortion,-0.6974074074074075,,,-1.416774
Lebanon,divorce,-0.3456169737576773,,,-0.7360174
Lebanon,sex before marriage,-0.7149232914923291,,,-1.5766804
Lebanon,suicide,-0.7575925925925926,,,-0.9970169
Lebanon,euthanasia,-0.6984801283866704,,,-1.1871904
Lebanon,for a man to beat his wife,-0.7675585284280937,,,-1.38138
Lebanon,parents beating children,-0.658642499763995,,,-1.4683974
Lebanon,violence against other people,-0.7746296296296296,,,-1.4693047
Lebanon,"terrorism as a political, ideological or religious mean",-0.8168293816829382,,,-1.8001751
Lebanon,having casual sex,-0.7372222222222223,,,-1.8416141
Lebanon,political violence,-0.785024154589372,,,-1.0742662
Lebanon,death penalty,-0.3698289863380147,,,-1.3149579
Mexico,claiming government benefits to which you are not entitled,-0.1784629306444315,,,-1.2442518
Mexico,avoiding a fare on public transport,-0.2664471560462264,,,-0.47204003
Mexico,stealing property,-0.7034045008655511,,,-1.2097195
Mexico,cheating on taxes,-0.5600722673893405,,,-1.2887926
Mexico,someone accepting a bribe in the course of their duties,-0.6338956757804924,,,-1.0876362
Mexico,homosexuality,-0.25807512663640547,,,-1.0254023
Mexico,prostitution,-0.4177413051973427,,,-1.2810568
Mexico,abortion,-0.4997403946002077,,,-0.80856305
Mexico,divorce,-0.10208816705336425,,,-0.87289107
Mexico,sex before marriage,-0.16539738332356962,,,-0.8174473
Mexico,suicide,-0.6069371643046659,,,-0.96206456
Mexico,euthanasia,-0.38491829100216574,,,-0.73090124
Mexico,for a man to beat his wife,-0.7338471419396275,,,-1.0602013
Mexico,parents beating children,-0.5366183574879227,,,-1.3767055
Mexico,violence against other people,-0.6908492938672857,,,-1.313799
Mexico,"terrorism as a political, ideological or religious mean",-0.7033997655334114,,,-1.3182966
Mexico,having casual sex,-0.48423955870764385,,,-1.1958792
Mexico,political violence,-0.668483904465213,,,-1.1326282
Mexico,death penalty,-0.41381100726895115,,,-1.1112251
Pakistan,claiming government benefits to which you are not entitled,-0.6138246215367038,,,-2.526341
Pakistan,avoiding a fare on public transport,-0.7683310841205577,,,-1.5775763
Pakistan,stealing property,-0.8251760261033833,,,-1.6020161
Pakistan,cheating on taxes,-0.7849313487942772,,,-1.8046077
Pakistan,someone accepting a bribe in the course of their duties,-0.8535353535353535,,,-1.7268169
Pakistan,homosexuality,-0.8705738705738706,,,-1.9890114
Pakistan,prostitution,-0.8769091012320445,,,-1.95522
Pakistan,abortion,-0.8245050829320493,,,-1.7853943
Pakistan,divorce,-0.7044929251930775,,,-1.3902851
Pakistan,sex before marriage,-0.8726121849214423,,,-1.777083
Pakistan,suicide,-0.8767676767676768,,,-1.296892
Pakistan,euthanasia,-0.8576051779935275,,,-1.5925963
Pakistan,for a man to beat his wife,-0.7912388774811773,,,-1.5861431
Pakistan,parents beating children,-0.4796637127925471,,,-1.8196595
Pakistan,violence against other people,-0.8396066463207867,,,-1.6162924
Pakistan,"terrorism as a political, ideological or religious mean",-0.8549876670682041,,,-1.7694851
Pakistan,having casual sex,-0.8521937321937322,,,-1.8682737
Pakistan,political violence,-0.8755832037325039,,,-1.5453727
Pakistan,death penalty,-0.399700943179204,,,-1.602816
Peru,claiming government benefits to which you are not entitled,-0.44682598341134927,,,-1.1766
Peru,avoiding a fare on public transport,-0.6060825488776249,,,-0.36254984
Peru,stealing property,-0.8759764068228919,,,-1.1169189
Peru,cheating on taxes,-0.8095238095238094,,,-1.2537322
Peru,someone accepting a bribe in the course of their duties,-0.841108693900572,,,-1.001335
Peru,homosexuality,-0.5898078529657477,,,-1.0173689
Peru,prostitution,-0.7073369123149503,,,-1.1755129
Peru,abortion,-0.7055393586005831,,,-0.75336206
Peru,divorce,-0.2604974160206718,,,-0.83798903
Peru,sex before marriage,-0.251539788125154,,,-0.7714373
Peru,suicide,-0.7972283005105762,,,-0.79041004
Peru,euthanasia,-0.4546225614927905,,,-0.63341665
Peru,for a man to beat his wife,-0.8932696136997214,,,-0.99336874
Peru,parents beating children,-0.7998886502823511,,,-1.2933952
Peru,violence against other people,-0.86468567776979,,,-1.2295157
Peru,"terrorism as a political, ideological or religious mean",-0.8581525312294542,,,-1.2983176
Peru,having casual sex,-0.6250738209735931,,,-1.1063412
Peru,political violence,-0.83778922410269,,,-1.0505494
Peru,death penalty,-0.3432062798413854,,,-1.0571204
Romania,claiming government benefits to which you are not entitled,-0.7416276722635103,,,-1.1932493
Romania,avoiding a fare on public transport,-0.7974706413730803,,,-0.36829883
Romania,stealing property,-0.8951917882225825,,,-1.0912111
Romania,cheating on taxes,-0.7537293192297261,,,-1.126333
Romania,someone accepting a bribe in the course of their duties,-0.8618814573137573,,,-1.023082
Romania,homosexuality,-0.7016794762311416,,,-1.0061243
Romania,prostitution,-0.7857673727238945,,,-1.0931803
Romania,abortion,-0.535727646838758,,,-0.705151
Romania,divorce,-0.21415994810490221,,,-0.6509572
Romania,sex before marriage,-0.1675213675213675,,,-0.62947935
Romania,suicide,-0.8516680452164321,,,-0.83714044
Romania,euthanasia,-0.748448956570784,,,-0.56183463
Romania,for a man to beat his wife,-0.9133801548712408,,,-0.9282446
Romania,parents beating children,-0.8297795771479982,,,-1.321989
Romania,violence against other people,-0.9141414141414141,,,-1.1800541
Romania,"terrorism as a political, ideological or religious mean",-0.9281153074256522,,,-1.2912959
Romania,having casual sex,-0.6374170638258106,,,-1.180284
Romania,political violence,-0.8860256765493674,,,-1.0086854
Romania,death penalty,-0.6986944679252372,,,-0.9974197
Russia,claiming government benefits to which you are not entitled,-0.3577094215515574,,,-1.4019172
Russia,avoiding a fare on public transport,-0.13414710485133022,,,-0.7471624
Russia,stealing property,-0.7172057082320683,,,-1.1963036
Russia,cheating on taxes,-0.4130628906748309,,,-1.3152224
Russia,someone accepting a bribe in the course of their duties,-0.6831882961281373,,,-1.1755947
Russia,homosexuality,-0.6434415413037742,,,-1.2759541
Russia,prostitution,-0.566051182377713,,,-1.4529016
Russia,abortion,-0.20514319111630624,,,-1.0922524
Russia,divorce,0.13242708532771713,,,-0.67618096
Russia,sex before marriage,0.12510430708004364,,,-1.1346014
Russia,suicide,-0.6203483768804433,,,-1.0562947
Russia,euthanasia,-0.18698528419063049,,,-1.0168512
Russia,for a man to beat his wife,-0.7480886850152905,,,-1.1216326
Russia,parents beating children,-0.7030314489191403,,,-1.4263766
Russia,violence against other people,-0.7606352807714124,,,-1.3694935
Russia,"terrorism as a political, ideological or religious mean",-0.8029730410682793,,,-1.4171919
Russia,having casual sex,-0.28669573259347336,,,-1.5236161
Russia,political violence,-0.685250162443145,,,-1.1727341
Russia,death penalty,-0.20830812663843515,,,-1.1723444
Turkey,claiming government benefits to which you are not entitled,-0.8017892736290734,,,-2.2448127
Turkey,avoiding a fare on public transport,-0.7562814070351759,,,-0.9656025
Turkey,stealing property,-0.8643002403401738,,,-1.5480686
Turkey,cheating on taxes,-0.8473672001855718,,,-1.666832
Turkey,someone accepting a bribe in the course of their duties,-0.8554071600816175,,,-1.4904026
Turkey,homosexuality,-0.7606620585884233,,,-1.8278978
Turkey,prostitution,-0.8104437911241774,,,-1.9061546
Turkey,abortion,-0.650511881281112,,,-1.5798819
Turkey,divorce,-0.24395417904115402,,,-0.94984645
Turkey,sex before marriage,-0.7000941619585687,,,-1.6820774
Turkey,suicide,-0.822110692876063,,,-1.2603527
Turkey,euthanasia,-0.6599283154121863,,,-1.3925846
Turkey,for a man to beat his wife,-0.8213707251608127,,,-1.5232661
Turkey,parents beating children,-0.7570370370370371,,,-1.6803713
Turkey,violence against other people,-0.7877861180613475,,,-1.7104995
Turkey,"terrorism as a political, ideological or religious mean",,,,-1.8236742
Turkey,having casual sex,-0.7008583087097229,,,-1.8653828
Turkey,political violence,,,,-1.4518554
Turkey,death penalty,-0.49022939677145283,,,-1.496423
Ukraine,claiming government benefits to which you are not entitled,-0.46615370523037464,,,-1.4902561
Ukraine,avoiding a fare on public transport,-0.41891290810426113,,,-0.47738147
Ukraine,stealing property,-0.7876621657400054,,,-1.1383168
Ukraine,cheating on taxes,-0.5359207266721717,,,-1.2455213
Ukraine,someone accepting a bribe in the course of their duties,-0.6742301458670988,,,-1.2173927
Ukraine,homosexuality,-0.6150565152484538,,,-1.2818658
Ukraine,prostitution,-0.567647933392804,,,-1.4754927
Ukraine,abortion,-0.3209549071618037,,,-1.0486215
Ukraine,divorce,0.04044966375589682,,,-0.61225146
Ukraine,sex before marriage,0.09898242368177614,,,-1.2461253
Ukraine,suicide,-0.724904214559387,,,-0.8910654
Ukraine,euthanasia,-0.1813826146475017,,,-0.953611
Ukraine,for a man to beat his wife,-0.7795626952253458,,,-1.144727
Ukraine,parents beating children,-0.6781919683054205,,,-1.3254274
Ukraine,violence against other people,-0.7560017849174475,,,-1.2162449
Ukraine,"terrorism as a political, ideological or religious mean",-0.8174154784324277,,,-1.4194653
Ukraine,having casual sex,-0.3774053382991931,,,-1.554114
Ukraine,political violence,-0.7410220346929207,,,-0.95378935
Ukraine,death penalty,-0.23094934014474242,,,-1.0723544
Egypt,claiming government benefits to which you are not entitled,-0.8246330319821132,,,-1.8149154
Egypt,avoiding a fare on public transport,-0.8683127572016461,,,-0.76380926
Egypt,stealing property,-0.9853091585309157,,,-1.4275656
Egypt,cheating on taxes,-0.8805885681946802,,,-1.5150219
Egypt,someone accepting a bribe in the course of their duties,-0.9605103846512061,,,-1.2821957
Egypt,homosexuality,,,,-1.5662081
Egypt,prostitution,,,,-1.731288
Egypt,abortion,-0.764088138771683,,,-1.3922123
Egypt,divorce,-0.114469633361321,,,-0.72151554
Egypt,sex before marriage,,,,-1.5437949
Egypt,suicide,-0.9743375174337519,,,-1.1419065
Egypt,euthanasia,-0.8726642049904889,,,-1.1780169
Egypt,for a man to beat his wife,-0.6553783002145722,,,-1.3389934
Egypt,parents beating children,-0.36122733612273356,,,-1.4793112
Egypt,violence against other people,-0.8870246085011187,,,-1.5267233
Egypt,"terrorism as a political, ideological or religious mean",-0.9790688575899843,,,-1.6912438
Egypt,having casual sex,,,,-1.7552029
Egypt,political violence,-0.9744292237442922,,,-1.3271163
Egypt,death penalty,0.25301204819277107,,,-1.3103243
United States of America,claiming government benefits to which you are not entitled,-0.6598303911388023,,,-1.0910556
United States of America,avoiding a fare on public transport,-0.5705261336102457,,,-0.34404963
United States of America,stealing property,-0.8017480096919348,,,-1.1073217
United States of America,cheating on taxes,-0.7533264212890963,,,-1.1069355
United States of America,someone accepting a bribe in the course of their duties,-0.8286208387375703,,,-1.0608695
United States of America,homosexuality,0.22152560083594564,,,-0.79228795
United States of America,prostitution,-0.3699519542916504,,,-1.1483029
United States of America,abortion,-0.09622126996493963,,,-0.53067315
United States of America,divorce,0.24387397899649943,,,-0.5395404
United States of America,sex before marriage,0.2700021659085986,,,-0.26122928
United States of America,suicide,-0.48148148148148145,,,-0.8157484
United States of America,euthanasia,-0.025707720986690944,,,-0.62239945
United States of America,for a man to beat his wife,-0.9079118028534372,,,-0.8815411
United States of America,parents beating children,-0.7797657634297074,,,-1.2578846
United States of America,violence against other people,-0.687521633783316,,,-1.241135
United States of America,"terrorism as a political, ideological or religious mean",-0.8763510592304367,,,-1.2472324
United States of America,having casual sex,0.06124745704021122,,,-1.0962863
United States of America,political violence,-0.7286066744578625,,,-1.1782923
United States of America,death penalty,0.002511474841950287,,,-0.89674103
Mongolia,claiming government benefits to which you are not entitled,-0.37043832823649336,,,-1.6752777
Mongolia,avoiding a fare on public transport,-0.34120200786867455,,,-0.8024004
Mongolia,stealing property,-0.4909781576448243,,,-1.4203575
Mongolia,cheating on taxes,-0.42382309048975714,,,-1.5203348
Mongolia,someone accepting a bribe in the course of their duties,-0.46045312711979375,,,-1.339132
Mongolia,homosexuality,-0.3612806946140279,,,-1.427124
Mongolia,prostitution,-0.46886446886446886,,,-1.5246089
Mongolia,abortion,-0.2935829602496269,,,-1.3226522
Mongolia,divorce,-0.2201872201872202,,,-1.1790029
Mongolia,sex before marriage,-0.214353547686881,,,-1.4488475
Mongolia,suicide,-0.4947768281101614,,,-1.1792924
Mongolia,euthanasia,-0.3494776828110161,,,-1.0435488
Mongolia,for a man to beat his wife,-0.4805318138651472,,,-1.2950283
Mongolia,parents beating children,-0.4078144078144078,,,-1.6014583
Mongolia,violence against other people,-0.5132275132275131,,,-1.4765513
Mongolia,"terrorism as a political, ideological or religious mean",-0.5149911816578483,,,-1.6161318
Mongolia,having casual sex,-0.3705060371727038,,,-1.6801132
Mongolia,political violence,-0.48948582281915604,,,-1.2572496
Mongolia,death penalty,-0.0717677384344051,,,-1.384095
Nicaragua,claiming government benefits to which you are not entitled,-0.32481481481481483,,,-1.4482815
Nicaragua,avoiding a fare on public transport,-0.41111111111111104,,,-0.7911595
Nicaragua,stealing property,-0.8533333333333334,,,-1.3148291
Nicaragua,cheating on taxes,-0.7355555555555556,,,-1.4510925
Nicaragua,someone accepting a bribe in the course of their duties,-0.7479629629629629,,,-1.2250035
Nicaragua,homosexuality,-0.4968518518518518,,,-1.3207754
Nicaragua,prostitution,-0.6214814814814814,,,-1.4729098
Nicaragua,abortion,-0.7661111111111111,,,-1.0618036
Nicaragua,divorce,-0.22666666666666666,,,-1.0254664
Nicaragua,sex before marriage,-0.3137037037037037,,,-1.3853155
Nicaragua,suicide,-0.8220370370370369,,,-1.071791
Nicaragua,euthanasia,-0.6733333333333333,,,-0.954285
Nicaragua,for a man to beat his wife,-0.8698148148148148,,,-1.2785623
Nicaragua,parents beating children,-0.255,,,-1.494322
Nicaragua,violence against other people,-0.7833333333333333,,,-1.3789241
Nicaragua,"terrorism as a political, ideological or religious mean",-0.7787037037037036,,,-1.5141709
Nicaragua,having casual sex,-0.461111111111111,,,-1.6198051
Nicaragua,political violence,-0.7607407407407407,,,-1.190623
Nicaragua,death penalty,-0.7081481481481482,,,-1.3065236
Morocco,claiming government benefits to which you are not entitled,-0.405,,,-1.9599699
Morocco,avoiding a fare on public transport,-0.5266666666666666,,,-0.9621689
Morocco,stealing property,-0.6631481481481482,,,-1.4849799
Morocco,cheating on taxes,-0.5931481481481482,,,-1.6570202
Morocco,someone accepting a bribe in the course of their duties,-0.6031481481481481,,,-1.4507973
Morocco,homosexuality,-0.6066666666666667,,,-1.6232669
Morocco,prostitution,-0.6040740740740741,,,-1.7105516
Morocco,abortion,-0.41777777777777775,,,-1.5122986
Morocco,divorce,0.04685185185185185,,,-1.1972129
Morocco,sex before marriage,-0.5238888888888888,,,-1.6352596
Morocco,suicide,-0.5687037037037036,,,-1.2270391
Morocco,euthanasia,-0.5125925925925926,,,-1.2397566
Morocco,for a man to beat his wife,-0.495,,,-1.4327059
Morocco,parents beating children,-0.17703703703703702,,,-1.6333563
Morocco,violence against other people,-0.5951851851851852,,,-1.6498592
Morocco,"terrorism as a political, ideological or religious mean",-0.700925925925926,,,-1.8067591
Morocco,having casual sex,-0.6142592592592593,,,-1.7392826
Morocco,political violence,-0.6579629629629629,,,-1.4759725
Morocco,death penalty,-0.2659259259259259,,,-1.4913365
Venezuela,claiming government benefits to which you are not entitled,-0.2956115779645192,,,-1.1048393
Venezuela,avoiding a fare on public transport,-0.5363211951447246,,,-0.24466419
Venezuela,stealing property,-0.8001867413632119,,,-0.9616051
Venezuela,cheating on taxes,-0.7301587301587302,,,-1.0781939
Venezuela,someone accepting a bribe in the course of their duties,-0.7527544351073763,,,-0.9580205
Venezuela,homosexuality,-0.29318394024276373,,,-0.86531293
Venezuela,prostitution,-0.492063492063492,,,-1.0771424
Venezuela,abortion,-0.5906629318394024,,,-0.5750802
Venezuela,divorce,0.005975723622782437,,,-0.5395342
Venezuela,sex before marriage,-0.06087768440709617,,,-0.6302759
Venezuela,suicide,-0.6879551820728291,,,-0.64843494
Venezuela,euthanasia,-0.48173386333522616,,,-0.5149272
Venezuela,for a man to beat his wife,-0.7557422969187675,,,-0.90693605
Venezuela,parents beating children,-0.4274509803921569,,,-1.1292431
Venezuela,violence against other people,-0.6943043884220355,,,-1.082156
Venezuela,"terrorism as a political, ideological or religious mean",-0.7540616246498599,,,-1.1790571
Venezuela,having casual sex,-0.21549953314659193,,,-1.0958478
Venezuela,political violence,-0.6935574229691877,,,-0.924996
Venezuela,death penalty,-0.4819794584500467,,,-0.87132376
Iraq,claiming government benefits to which you are not entitled,-0.43,,,-1.723469
Iraq,avoiding a fare on public transport,-0.5585185185185185,,,-0.8299925
Iraq,stealing property,-0.6853703703703704,,,-1.4372629
Iraq,cheating on taxes,-0.6144444444444443,,,-1.5104605
Iraq,someone accepting a bribe in the course of their duties,-0.6338888888888888,,,-1.3014419
Iraq,homosexuality,-0.7120425815036593,,,-1.6120746
Iraq,prostitution,,,,-1.7067039
Iraq,abortion,-0.6040740740740741,,,-1.3246721
Iraq,divorce,-0.38407407407407407,,,-0.8694523
Iraq,sex before marriage,,,,-1.5578239
Iraq,suicide,-0.7155555555555556,,,-1.1034818
Iraq,euthanasia,-0.6894444444444445,,,-1.0962553
Iraq,for a man to beat his wife,-0.6409259259259259,,,-1.2675638
Iraq,parents beating children,-0.47981481481481486,,,-1.4701186
Iraq,violence against other people,-0.6685185185185185,,,-1.5031065
Iraq,"terrorism as a political, ideological or religious mean",-0.675,,,-1.6672786
Iraq,having casual sex,,,,-1.8215023
Iraq,political violence,-0.632962962962963,,,-1.261675
Iraq,death penalty,-0.1198148148148148,,,-1.2760608
Tajikistan,claiming government benefits to which you are not entitled,-0.5337037037037036,,,-2.523014
Tajikistan,avoiding a fare on public transport,-0.6446296296296297,,,-1.2901745
Tajikistan,stealing property,-0.7353703703703703,,,-1.5635521
Tajikistan,cheating on taxes,-0.6838888888888889,,,-1.6937714
Tajikistan,someone accepting a bribe in the course of their duties,-0.7209259259259259,,,-1.6851456
Tajikistan,homosexuality,,,,-1.9784588
Tajikistan,prostitution,-0.7540740740740741,,,-1.9321845
Tajikistan,abortion,-0.7037037037037037,,,-1.7666727
Tajikistan,divorce,-0.6964814814814815,,,-1.3785686
Tajikistan,sex before marriage,-0.7487037037037038,,,-1.907592
Tajikistan,suicide,-0.7594444444444444,,,-1.4122534
Tajikistan,euthanasia,-0.6992592592592592,,,-1.5754672
Tajikistan,for a man to beat his wife,-0.7118518518518518,,,-1.6938999
Tajikistan,parents beating children,-0.7133333333333334,,,-1.7633253
Tajikistan,violence against other people,-0.7224074074074074,,,-1.8996906
Tajikistan,"terrorism as a political, ideological or religious mean",-0.7270370370370369,,,-2.1763554
Tajikistan,having casual sex,-0.7414814814814814,,,-2.0024624
Tajikistan,political violence,-0.73,,,-1.6145241
Tajikistan,death penalty,-0.6748148148148148,,,-1.6846173
Guatemala,claiming government benefits to which you are not entitled,-0.3016924208977189,,,-1.5983553
Guatemala,avoiding a fare on public transport,-0.400405380504883,,,-1.0002562
Guatemala,stealing property,-0.7254901960784315,,,-1.4296051
Guatemala,cheating on taxes,-0.6922648859209793,,,-1.5641447
Guatemala,someone accepting a bribe in the course of their duties,-0.7091883897208355,,,-1.2475686
Guatemala,homosexuality,-0.3932687874596589,,,-1.4887949
Guatemala,prostitution,-0.4673721340388006,,,-1.6067692
Guatemala,abortion,-0.5645919778699862,,,-1.2919166
Guatemala,divorce,-0.11019207793401342,,,-1.2743834
Guatemala,sex before marriage,-0.3325956662056247,,,-1.5697387
Guatemala,suicide,-0.6436686062621224,,,-1.211508
Guatemala,euthanasia,-0.393939393939394,,,-1.1094897
Guatemala,for a man to beat his wife,-0.8044739022369511,,,-1.3278874
Guatemala,parents beating children,-0.31888888888888883,,,-1.5061095
Guatemala,violence against other people,-0.7308970099667774,,,-1.4792072
Guatemala,"terrorism as a political, ideological or religious mean",-0.75787728026534,,,-1.5662243
Guatemala,having casual sex,-0.441411634960022,,,-1.6281843
Guatemala,political violence,-0.7622351743917105,,,-1.256667
Guatemala,death penalty,-0.09047355813524967,,,-1.4127038
Malaysia,claiming government benefits to which you are not entitled,-0.24549378014724552,,,-2.256906
Malaysia,avoiding a fare on public transport,-0.33790302107133785,,,-1.3209374
Malaysia,stealing property,-0.5333841076415333,,,-1.6446301
Malaysia,cheating on taxes,-0.4646695438774647,,,-1.7865101
Malaysia,someone accepting a bribe in the course of their duties,-0.5367690615215367,,,-1.6667252
Malaysia,homosexuality,-0.4235423542354235,,,-2.01247
Malaysia,prostitution,-0.46940847930946933,,,-2.0632522
Malaysia,abortion,-0.43894389438943887,,,-1.7427013
Malaysia,divorce,-0.1904882795971905,,,-1.3816309
Malaysia,sex before marriage,-0.37310654142337313,,,-1.8932711
Malaysia,suicide,-0.5222137598375223,,,-1.468456
Malaysia,euthanasia,-0.3436574426673436,,,-1.5876399
Malaysia,for a man to beat his wife,-0.5255987137175255,,,-1.602794
Malaysia,parents beating children,-0.22975374460522974,,,-1.688412
Malaysia,violence against other people,-0.49411864263349414,,,-1.7286896
Malaysia,"terrorism as a political, ideological or religious mean",-0.5323686214775324,,,-1.9446213
Malaysia,having casual sex,-0.4235423542354235,,,-1.988521
Malaysia,political violence,-0.5225522552255225,,,-1.5936924
Malaysia,death penalty,-0.20555132436320558,,,-1.6415462
universal,claiming government benefits to which you are not entitled,,,,-1.3871864
universal,avoiding a fare on public transport,,,,-0.75332725
universal,stealing property,,,,-1.3111801
universal,cheating on taxes,,,,-1.1971862
universal,someone accepting a bribe in the course of their duties,,,,-1.1990154
universal,homosexuality,,,,-0.71049273
universal,prostitution,,,,-1.1829468
universal,abortion,,,,-0.74938476
universal,divorce,,,,-0.61126816
universal,sex before marriage,,,,-0.7631858
universal,suicide,,,,-1.0107378
universal,euthanasia,,,,-0.79769313
universal,for a man to beat his wife,,,,-1.2086837
universal,parents beating children,,,,-1.3758714
universal,violence against other people,,,,-1.4871452
universal,"terrorism as a political, ideological or religious mean",,,,-1.49347
universal,having casual sex,,,,-1.2667414
universal,political violence,,,,-1.2599534
universal,death penalty,,,,-0.9223364
universal,claiming government benefits to which you are not entitled,,,,-1.3871864
universal,avoiding a fare on public transport,,,,-0.75332725
universal,stealing property,,,,-1.3111801
universal,cheating on taxes,,,,-1.1971862
universal,someone accepting a bribe in the course of their duties,,,,-1.1990154
universal,homosexuality,,,,-0.71049273
universal,prostitution,,,,-1.1829468
universal,abortion,,,,-0.74938476
universal,divorce,,,,-0.61126816
universal,sex before marriage,,,,-0.7631858
universal,suicide,,,,-1.0107378
universal,euthanasia,,,,-0.79769313
universal,for a man to beat his wife,,,,-1.2086837
universal,parents beating children,,,,-1.3758714
universal,violence against other people,,,,-1.4871452
universal,"terrorism as a political, ideological or religious mean",,,,-1.49347
universal,having casual sex,,,,-1.2667414
universal,political violence,,,,-1.2599534
universal,death penalty,,,,-0.9223364
universal,claiming government benefits to which you are not entitled,,,,-1.3871864
universal,avoiding a fare on public transport,,,,-0.75332725
universal,stealing property,,,,-1.3111801
universal,cheating on taxes,,,,-1.1971862
universal,someone accepting a bribe in the course of their duties,,,,-1.1990154
universal,homosexuality,,,,-0.71049273
universal,prostitution,,,,-1.1829468
universal,abortion,,,,-0.74938476
universal,divorce,,,,-0.61126816
universal,sex before marriage,,,,-0.7631858
universal,suicide,,,,-1.0107378
universal,euthanasia,,,,-0.79769313
universal,for a man to beat his wife,,,,-1.2086837
universal,parents beating children,,,,-1.3758714
universal,violence against other people,,,,-1.4871452
universal,"terrorism as a political, ideological or religious mean",,,,-1.49347
universal,having casual sex,,,,-1.2667414
universal,political violence,,,,-1.2599534
universal,death penalty,,,,-0.9223364
universal,claiming government benefits to which you are not entitled,,,,-1.3871864
universal,avoiding a fare on public transport,,,,-0.75332725
universal,stealing property,,,,-1.3111801
universal,cheating on taxes,,,,-1.1971862
universal,someone accepting a bribe in the course of their duties,,,,-1.1990154
universal,homosexuality,,,,-0.71049273
universal,prostitution,,,,-1.1829468
universal,abortion,,,,-0.74938476
universal,divorce,,,,-0.61126816
universal,sex before marriage,,,,-0.7631858
universal,suicide,,,,-1.0107378
universal,euthanasia,,,,-0.79769313
universal,for a man to beat his wife,,,,-1.2086837
universal,parents beating children,,,,-1.3758714
universal,violence against other people,,,,-1.4871452
universal,"terrorism as a political, ideological or religious mean",,,,-1.49347
universal,having casual sex,,,,-1.2667414
universal,political violence,,,,-1.2599534
universal,death penalty,,,,-0.9223364
universal,claiming government benefits to which you are not entitled,,,,-1.3871864
universal,avoiding a fare on public transport,,,,-0.75332725
universal,stealing property,,,,-1.3111801
universal,cheating on taxes,,,,-1.1971862
universal,someone accepting a bribe in the course of their duties,,,,-1.1990154
universal,homosexuality,,,,-0.71049273
universal,prostitution,,,,-1.1829468
universal,abortion,,,,-0.74938476
universal,divorce,,,,-0.61126816
universal,sex before marriage,,,,-0.7631858
universal,suicide,,,,-1.0107378
universal,euthanasia,,,,-0.79769313
universal,for a man to beat his wife,,,,-1.2086837
universal,parents beating children,,,,-1.3758714
universal,violence against other people,,,,-1.4871452
universal,"terrorism as a political, ideological or religious mean",,,,-1.49347
universal,having casual sex,,,,-1.2667414
universal,political violence,,,,-1.2599534
universal,death penalty,,,,-0.9223364
